pair_id,gene_id,pilot_split,positive_deletion_strength,negative_deletion_strength,paired_strength_difference,positive_direction_agreement,status
PRIMARY_001,ENSG00000005249,development,-0.01536352407253,0.0265720526081967,-0.0419355766807267,False,COMPLETED
PRIMARY_002,ENSG00000005249,development,3.7074070980346265,0.0624504393120535,3.644956658722573,True,COMPLETED
PRIMARY_003,ENSG00000005249,development,-0.0314830674434674,-0.0440773501358915,0.0125942826924241,False,COMPLETED
PRIMARY_004,ENSG00000005249,development,3.335403016910149,0.0004256176078278,3.3349773993023213,True,COMPLETED
PRIMARY_005,ENSG00000006042,development,0.0776756366136544,-0.3344834135668995,0.4121590501805539,True,COMPLETED
PRIMARY_006,ENSG00000006042,development,0.4761662820227412,0.0993990464530423,0.3767672355696989,True,COMPLETED
PRIMARY_007,ENSG00000013306,development,5.854343102387727,-0.001315668774227,5.855658771161954,True,COMPLETED
PRIMARY_008,ENSG00000013306,development,0.0195672855941069,0.2152598458015919,-0.195692560207485,True,COMPLETED
PRIMARY_009,ENSG00000059804,development,-0.0257895081456069,0.0308936101825487,-0.0566831183281557,False,COMPLETED
PRIMARY_010,ENSG00000067082,development,-0.0052311580050208,0.0399451824012011,-0.0451763404062219,False,COMPLETED
PRIMARY_011,ENSG00000067082,development,0.0176478737362266,0.0046162731710488,0.0130316005651778,True,COMPLETED
PRIMARY_012,ENSG00000072274,development,0.0314947603052075,-0.0029822715994178,0.0344770319046254,True,COMPLETED
PRIMARY_013,ENSG00000072274,development,0.0173264795643444,0.0047245905507544,0.0126018890135899,True,COMPLETED
PRIMARY_014,ENSG00000073921,development,0.0302660111574013,0.0036589772445987,0.0266070339128026,True,COMPLETED
PRIMARY_015,ENSG00000073921,development,0.1144420084398047,0.0046056678819708,0.1098363405578339,True,COMPLETED
PRIMARY_016,ENSG00000073921,development,0.0147393713812951,-0.0011471467076775,0.0158865180889726,True,COMPLETED
PRIMARY_017,ENSG00000073921,development,0.0002600275743569,-0.0158557128499792,0.0161157404243361,True,COMPLETED
PRIMARY_018,ENSG00000073921,development,0.027253869514948,-0.0070026647020897,0.0342565342170377,True,COMPLETED
PRIMARY_019,ENSG00000076662,confirmation,5.451032420828861,4.264055047488087,1.186977373340774,True,COMPLETED
PRIMARY_020,ENSG00000081026,development,4.294900593586575,3.876266057437803,0.4186345361487711,True,COMPLETED
PRIMARY_021,ENSG00000081154,development,-0.0002821276982896,0.0704001600493136,-0.0706822877476032,False,COMPLETED
PRIMARY_022,ENSG00000089248,development,0.0007323989120422,-0.0001390967671657,0.0008714956792079,True,COMPLETED
PRIMARY_023,ENSG00000090273,development,-0.0066076647029404,0.0053647984754565,-0.011972463178397,False,COMPLETED
PRIMARY_024,ENSG00000100321,confirmation,0.0540063824568131,4.895257117853715,-4.841250735396902,True,COMPLETED
PRIMARY_025,ENSG00000100393,development,-0.2997073544385396,0.2178615840241695,-0.5175689384627091,False,COMPLETED
PRIMARY_026,ENSG00000101236,confirmation,0.1214456245402937,-0.0089852756488166,0.1304309001891104,True,COMPLETED
PRIMARY_027,ENSG00000105327,development,0.6070669683558774,-0.0683396104858795,0.6754065788417569,True,COMPLETED
PRIMARY_028,ENSG00000106211,development,1.824013921964163,0.0021081462252006,1.821905775738962,True,COMPLETED
PRIMARY_029,ENSG00000109255,development,0.0223122699850932,0.0499281427362738,-0.0276158727511806,True,COMPLETED
PRIMARY_030,ENSG00000113742,development,-0.0016415160544234,-0.0042229061181764,0.002581390063753,False,COMPLETED
PRIMARY_031,ENSG00000113742,development,0.0705317928467526,0.0044444834802828,0.0660873093664697,True,COMPLETED
PRIMARY_032,ENSG00000113742,development,1.2963886052603346,0.0008709109430462,1.2955176943172884,True,COMPLETED
PRIMARY_033,ENSG00000113742,development,0.0950516415108584,3.270229570003284,-3.1751779284924257,True,COMPLETED
PRIMARY_034,ENSG00000115310,development,0.5949033244873139,0.0750362510375226,0.5198670734497912,True,COMPLETED
PRIMARY_035,ENSG00000115525,development,0.3189651103301836,0.018566015491384,0.3003990948387995,True,COMPLETED
PRIMARY_036,ENSG00000115738,development,2.0199282911626946,-0.0002208139767665,2.020149105139461,True,COMPLETED
PRIMARY_037,ENSG00000115738,development,2.6732445016863906,-0.0198097991310852,2.693054300817476,True,COMPLETED
PRIMARY_038,ENSG00000115738,development,2.6590884860271866,0.0438416480551806,2.615246837972006,True,COMPLETED
PRIMARY_039,ENSG00000115875,confirmation,0.0054521321683367,0.0016773283901443,0.0037748037781923,True,COMPLETED
PRIMARY_040,ENSG00000116691,confirmation,-0.0026681533778383,0.0027367637157453,-0.0054049170935837,False,COMPLETED
PRIMARY_041,ENSG00000116815,development,7.098589251555061,0.0621727523929269,7.036416499162134,True,COMPLETED
PRIMARY_042,ENSG00000116830,confirmation,5.196230585293142,5.117418482535603,0.0788121027575385,True,COMPLETED
PRIMARY_043,ENSG00000122779,development,4.2361645253218825,3.0346516826195096,1.201512842702373,True,COMPLETED
PRIMARY_044,ENSG00000124575,development,0.0136752553846726,0.0013867219578163,0.0122885334268563,True,COMPLETED
PRIMARY_045,ENSG00000124596,development,-0.0002383558570742,0.0773575072957957,-0.0775958631528699,False,COMPLETED
PRIMARY_046,ENSG00000124657,development,-0.8509186151877768,-0.4841948544862751,-0.3667237607015017,False,COMPLETED
PRIMARY_047,ENSG00000124657,development,-0.2974573844399475,-0.2112898018638724,-0.086167582576075,False,COMPLETED
PRIMARY_048,ENSG00000124882,development,2.472164464384929,-0.0059705809177446,2.4781350453026736,True,COMPLETED
PRIMARY_049,ENSG00000125611,development,0.0036854523822471,-0.0033329840263514,0.0070184364085985,True,COMPLETED
PRIMARY_050,ENSG00000126698,confirmation,0.0012045608413036,-0.0001928555796322,0.0013974164209358,True,COMPLETED
PRIMARY_051,ENSG00000128039,confirmation,0.0015488244303183,-0.0054593025342652,0.0070081269645836,True,COMPLETED
PRIMARY_052,ENSG00000129538,development,0.0221730181454233,6.035879739768335,-6.013706721622912,True,COMPLETED
PRIMARY_053,ENSG00000130770,development,0.0021345715854401,-0.002253925312857,0.0043884968982972,True,COMPLETED
PRIMARY_054,ENSG00000131389,confirmation,0.0083356826429188,0.0001041416508176,0.0082315409921012,True,COMPLETED
PRIMARY_055,ENSG00000131389,confirmation,4.89487768464213,1.8648861726806103,3.0299915119615193,True,COMPLETED
PRIMARY_056,ENSG00000131914,development,3.3750864961320133,-0.0059365551345704,3.381023051266584,True,COMPLETED
PRIMARY_057,ENSG00000131981,development,0.4876429554245691,0.5296815125691673,-0.0420385571445981,True,COMPLETED
PRIMARY_058,ENSG00000132002,development,-0.0034752093063374,0.0027419172753955,-0.006217126581733,False,COMPLETED
PRIMARY_059,ENSG00000133639,development,0.0077912379696467,-0.0009886114423345,0.0087798494119812,True,COMPLETED
PRIMARY_060,ENSG00000134107,confirmation,0.0020933659505342,0.0112195984701326,-0.0091262325195984,True,COMPLETED
PRIMARY_061,ENSG00000135363,development,0.0865493742500937,-0.0883145162065108,0.1748638904566046,True,COMPLETED
PRIMARY_062,ENSG00000135372,development,3.3449009242209193,2.394035574606675,0.9508653496142444,True,COMPLETED
PRIMARY_063,ENSG00000135821,development,6.380733054810703,6.58382486082108,-0.2030918060103772,True,COMPLETED
PRIMARY_064,ENSG00000135932,development,4.246348191012199,1.179848130673923,3.066500060338276,True,COMPLETED
PRIMARY_065,ENSG00000136244,development,-0.4418784760549843,-0.1147151802087562,-0.327163295846228,False,COMPLETED
PRIMARY_066,ENSG00000136244,development,0.6582400582209762,-0.1146799119417965,0.7729199701627727,True,COMPLETED
PRIMARY_067,ENSG00000136732,development,0.2960711852615532,0.0153750344550545,0.2806961508064987,True,COMPLETED
PRIMARY_068,ENSG00000136770,confirmation,0.0430298097150743,0.0119972136612016,0.0310325960538726,True,COMPLETED
PRIMARY_069,ENSG00000137193,confirmation,3.179114586964954,2.6771844342197486,0.5019301527452056,True,COMPLETED
PRIMARY_070,ENSG00000137193,confirmation,3.3961558234218243,2.492976692763879,0.9031791306579456,True,COMPLETED
PRIMARY_071,ENSG00000137198,confirmation,0.0419757817195582,0.0089805016192894,0.0329952801002688,True,COMPLETED
PRIMARY_072,ENSG00000137198,confirmation,5.7402447703796415,5.235858474803797,0.5043862955758449,True,COMPLETED
PRIMARY_073,ENSG00000138685,development,0.6023551116248864,0.2593272127636172,0.3430278988612691,True,COMPLETED
PRIMARY_074,ENSG00000138756,development,0.306872422990228,0.1590280540664066,0.1478443689238213,True,COMPLETED
PRIMARY_075,ENSG00000138756,development,-0.0037479785875254,-0.01005308591761,0.0063051073300846,False,COMPLETED
PRIMARY_076,ENSG00000140545,development,0.023049687419542,0.0164249192835566,0.0066247681359854,True,COMPLETED
PRIMARY_077,ENSG00000141179,confirmation,4.166711347319559,5.6609787305472645,-1.4942673832277054,True,COMPLETED
PRIMARY_078,ENSG00000141401,development,0.2454244049937886,-0.0593057329142352,0.3047301379080238,True,COMPLETED
PRIMARY_079,ENSG00000141753,development,0.0791901646894253,0.0048971835299234,0.0742929811595018,True,COMPLETED
PRIMARY_080,ENSG00000142669,development,-0.001696597962042,-0.0002653831516781,-0.0014312148103639,False,COMPLETED
PRIMARY_081,ENSG00000143061,development,1.155185601776755,0.0945873454834718,1.0605982562932832,True,COMPLETED
PRIMARY_082,ENSG00000143321,development,0.0019387318342873,-0.1182778420472816,0.120216573881569,True,COMPLETED
PRIMARY_083,ENSG00000143324,development,-0.0072708822812614,-0.0152613209683556,0.0079904386870941,False,COMPLETED
PRIMARY_084,ENSG00000147465,development,0.0149404760694489,2.4775357748768556,-2.4625952988074067,True,COMPLETED
PRIMARY_085,ENSG00000148429,development,0.0141206126763053,-0.0007533716156942,0.0148739842919995,True,COMPLETED
PRIMARY_086,ENSG00000149257,development,4.866531682283408,0.0195778415843541,4.8469538406990536,True,COMPLETED
PRIMARY_087,ENSG00000149557,development,-0.0610276673967149,-0.0292763531023014,-0.0317513142944134,False,COMPLETED
PRIMARY_088,ENSG00000150593,development,-0.0173335570901294,0.1808021024243391,-0.1981356595144685,False,COMPLETED
PRIMARY_089,ENSG00000152078,confirmation,0.1718576913611773,-0.0073713066874265,0.1792289980486039,True,COMPLETED
PRIMARY_090,ENSG00000152078,confirmation,2.6520620967178825,0.0382941514591195,2.613767945258763,True,COMPLETED
PRIMARY_091,ENSG00000152518,development,5.340883054141986,5.229792389491832,0.1110906646501534,True,COMPLETED
PRIMARY_092,ENSG00000152518,development,5.386894995256309,0.0894380428836409,5.297456952372668,True,COMPLETED
PRIMARY_093,ENSG00000152804,confirmation,0.0439120978546139,0.5070869661554431,-0.4631748683008292,True,COMPLETED
PRIMARY_094,ENSG00000155096,development,-0.0016260656773152,-0.1176725914531398,0.1160465257758245,False,COMPLETED
PRIMARY_095,ENSG00000155506,confirmation,2.13780218198696,0.1965000854800553,1.9413020965069048,True,COMPLETED
PRIMARY_096,ENSG00000157404,development,4.4690533457053245,0.1712565754335004,4.297796770271824,True,COMPLETED
PRIMARY_097,ENSG00000157404,development,3.7943795741759128,-0.0489982605008743,3.843377834676787,True,COMPLETED
PRIMARY_098,ENSG00000158373,confirmation,1.3948752284775878e-05,-0.0043029676599832,0.004316916412268,True,COMPLETED
PRIMARY_099,ENSG00000158406,confirmation,0.0045759786456809,-0.0022291660984539,0.0068051447441348,True,COMPLETED
PRIMARY_100,ENSG00000158406,confirmation,0.0014470151728822,0.1018887498675091,-0.1004417346946269,True,COMPLETED
PRIMARY_101,ENSG00000160193,development,0.0038863140746734,0.0020582129759674,0.001828101098706,True,COMPLETED
PRIMARY_102,ENSG00000161692,development,-3.029719191083302e-05,0.0007118653094648,-0.0007421625013757,False,COMPLETED
PRIMARY_103,ENSG00000163218,development,0.0101446325484988,0.0593825776295222,-0.0492379450810234,True,COMPLETED
PRIMARY_104,ENSG00000163297,development,0.272532417159268,-0.0390750677728384,0.3116074849321064,True,COMPLETED
PRIMARY_105,ENSG00000163297,development,-0.0114541942778965,-0.0044372734329742,-0.0070169208449222,False,COMPLETED
PRIMARY_106,ENSG00000163435,development,0.0312304848325599,0.0081140377142974,0.0231164471182625,True,COMPLETED
PRIMARY_107,ENSG00000163602,confirmation,4.968179814255366,4.812471714198919,0.1557081000564473,True,COMPLETED
PRIMARY_108,ENSG00000163714,development,-0.0206230654765673,-0.0142276593513406,-0.0063954061252267,False,COMPLETED
PRIMARY_109,ENSG00000163734,development,2.319637464568591,1.2130687153968038,1.106568749171787,True,COMPLETED
PRIMARY_110,ENSG00000163734,development,0.0125190020318886,0.0076348399958305,0.004884162036058,True,COMPLETED
PRIMARY_111,ENSG00000163739,development,0.4492964263703358,-0.0144390075814166,0.4637354339517525,True,COMPLETED
PRIMARY_112,ENSG00000163958,development,0.8144233857075927,0.2314539265312611,0.5829694591763315,True,COMPLETED
PRIMARY_113,ENSG00000164442,confirmation,0.0167160788050555,-0.0013581610836297,0.0180742398886852,True,COMPLETED
PRIMARY_114,ENSG00000164442,confirmation,-0.0027934328107246,-0.003774601429999,0.0009811686192744,False,COMPLETED
PRIMARY_115,ENSG00000164442,confirmation,-0.0005665429055614,-0.0009105121059196,0.0003439692003581,False,COMPLETED
PRIMARY_116,ENSG00000164442,confirmation,0.0231342610679146,0.0016663792732281,0.0214678817946865,True,COMPLETED
PRIMARY_117,ENSG00000167775,development,0.0021668593160288,0.027062614620732,-0.0248957553047031,True,COMPLETED
PRIMARY_118,ENSG00000168298,development,0.0008721837232545,0.0004809014863873,0.0003912822368672,True,COMPLETED
PRIMARY_119,ENSG00000168298,development,-0.0104703108440897,-0.0019120034132527,-0.008558307430837,False,COMPLETED
PRIMARY_120,ENSG00000168461,development,0.3396526656800063,5.115959618919396,-4.77630695323939,True,COMPLETED
PRIMARY_121,ENSG00000168785,confirmation,0.4388721911275235,0.1003475535632825,0.338524637564241,True,COMPLETED
PRIMARY_122,ENSG00000168785,confirmation,0.4387759817544472,0.0042758824574926,0.4345000992969545,True,COMPLETED
PRIMARY_123,ENSG00000169442,development,0.0008789707852834,-0.0049376230119726,0.005816593797256,True,COMPLETED
PRIMARY_124,ENSG00000169554,development,0.4967106469787046,0.0680226017076988,0.4286880452710058,True,COMPLETED
PRIMARY_125,ENSG00000171345,development,0.0189112365022019,0.0046027569681896,0.0143084795340122,True,COMPLETED
PRIMARY_126,ENSG00000172270,development,-4.411942735813212,0.0028280572734979,-4.41477079308671,False,COMPLETED
PRIMARY_127,ENSG00000173559,development,0.0348285521971902,-0.0611256776764168,0.0959542298736071,True,COMPLETED
PRIMARY_128,ENSG00000173848,development,0.0267221721532866,0.0020727662955177,0.0246494058577688,True,COMPLETED
PRIMARY_129,ENSG00000173848,development,0.0461504194981579,0.0043914372800326,0.0417589822181252,True,COMPLETED
PRIMARY_130,ENSG00000175040,development,1.4264182601292026,0.2442901014663796,1.182128158662823,True,COMPLETED
PRIMARY_131,ENSG00000176485,development,0.0182537614968596,0.0342072542141955,-0.0159534927173358,True,COMPLETED
PRIMARY_132,ENSG00000177352,development,0.000833670094094,0.0001190657233092,0.0007146043707848,True,COMPLETED
PRIMARY_133,ENSG00000179097,development,0.0344784234959925,0.0045101949404662,0.0299682285555262,True,COMPLETED
PRIMARY_134,ENSG00000179097,development,-0.3984396385499806,1.760902908487377,-2.1593425470373577,False,COMPLETED
PRIMARY_135,ENSG00000179348,development,4.704136771096334,0.0022587217567036,4.701878049339631,True,COMPLETED
PRIMARY_136,ENSG00000179348,development,4.943775337222641,0.0167168007869475,4.927058536435694,True,COMPLETED
PRIMARY_137,ENSG00000179348,development,0.0146820399145948,0.0073386275019258,0.007343412412669,True,COMPLETED
PRIMARY_138,ENSG00000180198,development,-0.0045129847911997,0.0015538272190056,-0.0060668120102054,False,COMPLETED
PRIMARY_139,ENSG00000180537,development,-0.8673155753050787,-1.2455555343310891,0.3782399590260104,False,COMPLETED
PRIMARY_140,ENSG00000180537,development,0.0761631835287417,0.0673017098582429,0.0088614736704988,True,COMPLETED
PRIMARY_141,ENSG00000180573,development,0.0005020536548041,0.0006748256842623,-0.0001727720294582,True,COMPLETED
PRIMARY_142,ENSG00000180628,development,-0.0207021175980361,0.0061787564550863,-0.0268808740531225,False,COMPLETED
PRIMARY_143,ENSG00000181788,development,5.1936686437455375,0.0248946022528331,5.168774041492704,True,COMPLETED
PRIMARY_144,ENSG00000181788,development,2.2181155116895495,2.0165066362157056,0.2016088754738438,True,COMPLETED
PRIMARY_145,ENSG00000182118,development,0.1715055963396956,0.0638047780945987,0.1077008182450969,True,COMPLETED
PRIMARY_146,ENSG00000182512,development,0.0063055585980036,0.0616297173358417,-0.0553241587378381,True,COMPLETED
PRIMARY_147,ENSG00000182704,development,0.0537456027902414,-5.070770221255136,5.124515824045378,True,COMPLETED
PRIMARY_148,ENSG00000183496,development,1.8084213134775624,0.2762455191485031,1.532175794329059,True,COMPLETED
PRIMARY_149,ENSG00000184007,development,0.0221138895067953,0.0063810212882708,0.0157328682185244,True,COMPLETED
PRIMARY_150,ENSG00000184009,development,-0.000525573924345,0.042255429044117,-0.042781002968462,False,COMPLETED
PRIMARY_151,ENSG00000184557,development,3.2372683836791714,0.004852573929897,3.2324158097492743,True,COMPLETED
PRIMARY_152,ENSG00000185885,development,0.0014251545206507,-3.358511292492018,3.359936447012669,True,COMPLETED
PRIMARY_153,ENSG00000187134,development,0.0104443123969469,0.1218967869450011,-0.1114524745480541,True,COMPLETED
PRIMARY_154,ENSG00000187134,development,0.0950704420589629,-0.2139418515376769,0.3090122935966399,True,COMPLETED
PRIMARY_155,ENSG00000187688,development,5.19778449893805,0.0127568471375676,5.185027651800483,True,COMPLETED
PRIMARY_156,ENSG00000197223,development,-0.0015285264966921,-0.0209672604990371,0.019438734002345,False,COMPLETED
PRIMARY_157,ENSG00000198087,confirmation,1.162107029359582,0.0021731784183316,1.1599338509412505,True,COMPLETED
PRIMARY_158,ENSG00000198492,development,-0.0011522160368802,-0.000275890431272,-0.0008763256056081,False,COMPLETED
PRIMARY_159,ENSG00000198729,confirmation,0.3297731311723106,0.0253029828713753,0.3044701483009353,True,COMPLETED
PRIMARY_160,ENSG00000198898,development,0.0001725002534738,-0.0102349943626398,0.0104074946161136,True,COMPLETED
PRIMARY_161,ENSG00000204713,development,0.0101123051624885,0.0026139012427961,0.0074984039196923,True,COMPLETED
